chr	pos	ref	alt	tier	class	KEY	RECURR_TYPE
14	39150383	TA	T	TIER3	splice_region_variant	14_39150383_TA_T	FFPE
3	128101650	TA	T	TIER3	splice_region_variant	3_128101650_TA_T	FFPE
17	40877420	GT	G	TIER3	splice_region_variant	17_40877420_GT_G	FFPE
18	36681495	CAG	C	TIER3	frameshift_variant	18_36681495_CAG_C	FFPE
2	196666794	CA	C	TIER3	frameshift_variant	2_196666794_CA_C	FFPE
9	33798629	T	A	TIER3	splice_region_variant	9_33798629_T_A	FF
17	75630844	G	T	TIER3	splice_region_variant	17_75630844_G_T	FFPE
13	44982156	TA	T	TIER3	splice_region_variant	13_44982156_TA_T	BOTH
1	248273336	A	G	TIER3	missense_variant	1_248273336_A_G	FFPE
16	67195890	ACAG	A	TIER3	inframe_deletion	16_67195890_ACAG_A	BOTH
10	62262823	TA	T	TIER3	splice_region_variant	10_62262823_TA_T	FFPE
4	150761851	TA	T	TIER3	splice_region_variant	4_150761851_TA_T	FFPE
1	42536528	AAG	A	TIER3	frameshift_variant	1_42536528_AAG_A	BOTH
12	80669466	TA	T	TIER3	splice_region_variant	12_80669466_TA_T	FFPE
2	147926116	TA	T	TIER3	frameshift_variant	2_147926116_TA_T	BOTH
4	1025266	CCA	C	TIER3	frameshift_variant	4_1025266_CCA_C	FFPE
5	37139372	TA	T	TIER3	splice_region_variant	5_37139372_TA_T	FFPE
19	32999660	T	C	TIER3	missense_variant	19_32999660_T_C	FFPE
2	39737066	CA	C	TIER3	splice_region_variant	2_39737066_CA_C	FFPE
3	69061933	TA	T	TIER3	splice_region_variant	3_69061933_TA_T	FFPE
2	210315041	AT	A	TIER3	c(start_lost, frameshift_variant)	2_210315041_AT_A	FFPE
3	50118454	TGA	T	TIER3	frameshift_variant	3_50118454_TGA_T	BOTH
20	4869922	TG	T	TIER3	frameshift_variant	20_4869922_TG_T	FFPE
16	23106489	TA	T	TIER3	splice_region_variant	16_23106489_TA_T	FFPE
2	24298817	GA	G	TIER3	splice_region_variant	2_24298817_GA_G	FFPE
3	143832223	TA	T	TIER3	splice_region_variant	3_143832223_TA_T	FFPE
7	81968975	TA	T	TIER3	splice_region_variant	7_81968975_TA_T	BOTH
12	11022099	T	A	TIER3	missense_variant	12_11022099_T_A	FF
4	146707553	TA	T	TIER3	splice_region_variant	4_146707553_TA_T	FFPE
5	38978656	TA	T	TIER3	splice_region_variant	5_38978656_TA_T	BOTH
X	38220722	CGCA	C	TIER3	inframe_deletion	X_38220722_CGCA_C	FFPE
5	31435868	CA	C	TIER2	splice_region_variant	5_31435868_CA_C	FFPE
X	15589463	GT	G	TIER3	splice_region_variant	X_15589463_GT_G	FF
4	158669770	TA	T	TIER3	splice_region_variant	4_158669770_TA_T	FFPE
5	115831867	CA	C	TIER3	splice_region_variant	5_115831867_CA_C	FFPE
1	215741541	GA	G	TIER3	splice_region_variant	1_215741541_GA_G	FFPE
3	131014202	CT	C	TIER3	frameshift_variant	3_131014202_CT_C	FFPE
11	134208953	TA	T	TIER3	splice_region_variant	11_134208953_TA_T	FFPE
11	134185530	GA	G	TIER3	splice_region_variant	11_134185530_GA_G	FF
2	217848163	GGCT	G	TIER3	inframe_deletion	2_217848163_GGCT_G	BOTH
12	121804751	AC	A	TIER3	frameshift_variant	12_121804751_AC_A	FFPE
9	128190829	AGCT	A	TIER3	inframe_deletion	9_128190829_AGCT_A	FFPE
2	9849441	TA	T	TIER3	frameshift_variant	2_9849441_TA_T	FFPE
1	235775088	TA	T	TIER3	splice_region_variant	1_235775088_TA_T	FFPE
2	64096617	GA	G	TIER3	splice_region_variant	2_64096617_GA_G	FFPE
X	85879068	TA	T	TIER3	splice_region_variant	X_85879068_TA_T	FFPE
16	3383714	GA	G	TIER3	splice_region_variant	16_3383714_GA_G	FF
16	67842920	ACAG	A	TIER3	inframe_deletion	16_67842920_ACAG_A	BOTH
6	121091045	TA	T	TIER3	splice_region_variant	6_121091045_TA_T	FFPE
4	139889909	TTGCTGCTGCTGCTGC	T	TIER3	inframe_deletion	4_139889909_TTGCTGCTGCTGCTGC_T	FFPE
X	139757870	GA	G	TIER3	splice_region_variant	X_139757870_GA_G	FFPE
4	184713017	CA	C	TIER3	splice_region_variant	4_184713017_CA_C	FFPE
3	154289829	TA	T	TIER3	splice_region_variant	3_154289829_TA_T	FFPE
17	69096807	TA	T	TIER3	splice_region_variant	17_69096807_TA_T	FFPE
20	290584	T	A	TIER3	splice_region_variant	20_290584_T_A	FFPE
4	98881149	GA	G	TIER3	splice_region_variant	4_98881149_GA_G	FFPE
1	202741724	TA	T	TIER3	splice_region_variant	1_202741724_TA_T	FFPE
2	47414419	GT	G	TIER1	splice_donor_variant	2_47414419_GT_G	BOTH
20	62813188	A	C	TIER3	missense_variant	20_62813188_A_C	FFPE
1	13260299	A	G	TIER3	missense_variant	1_13260299_A_G	FFPE
16	50334766	CCT	C	TIER3	frameshift_variant	16_50334766_CCT_C	FFPE
5	878436	A	G	TIER3	missense_variant	5_878436_A_G	FF
X	7105845	GA	G	TIER3	splice_region_variant	X_7105845_GA_G	FFPE
X	49603751	A	G	TIER3	missense_variant	X_49603751_A_G	FFPE
1	152312029	C	G	TIER3	missense_variant	1_152312029_C_G	FFPE
1	152303901	C	G	TIER3	missense_variant	1_152303901_C_G	FFPE
1	152303983	C	T	TIER3	missense_variant	1_152303983_C_T	FFPE
9	33799028	C	G	TIER3	c(splice_region_variant, missense_variant)	9_33799028_C_G	FFPE
1	248273225	A	C	TIER3	missense_variant	1_248273225_A_C	FFPE
12	68296985	TA	T	TIER3	splice_region_variant	12_68296985_TA_T	FFPE
14	39319297	CT	C	TIER3	splice_region_variant	14_39319297_CT_C	FFPE
7	139409618	AAG	A	TIER3	frameshift_variant	7_139409618_AAG_A	BOTH
9	122724438	G	A	TIER3	missense_variant	9_122724438_G_A	BOTH
11	49186767	G	A	TIER3	splice_region_variant	11_49186767_G_A	FFPE
10	73674883	G	A	TIER3	missense_variant	10_73674883_G_A	FFPE
9	111758198	TA	T	TIER3	splice_region_variant	9_111758198_TA_T	FFPE
1	25245303	TA	T	TIER3	splice_region_variant	1_25245303_TA_T	FFPE
X	73213827	GTCC	G	TIER3	inframe_deletion	X_73213827_GTCC_G	FFPE
4	56354102	CA	C	TIER3	frameshift_variant	4_56354102_CA_C	FFPE
10	47754	T	C	TIER3	missense_variant	10_47754_T_C	FFPE
3	149183608	TA	T	TIER3	splice_region_variant	3_149183608_TA_T	FFPE
16	55811015	A	C	TIER3	splice_region_variant	16_55811015_A_C	BOTH
1	152351635	G	A	TIER3	missense_variant	1_152351635_G_A	FFPE
1	22512067	CAAG	C	TIER3	inframe_deletion	1_22512067_CAAG_C	FFPE
20	34743163	TTGC	T	TIER3	inframe_deletion	20_34743163_TTGC_T	FFPE
7	47506946	TG	T	TIER3	splice_region_variant	7_47506946_TG_T	FFPE
7	47506948	GGA	G	TIER3	splice_region_variant	7_47506948_GGA_G	FFPE
15	54294068	AT	A	TIER3	splice_region_variant	15_54294068_AT_A	FFPE
11	130910373	TC	T	TIER3	splice_region_variant	11_130910373_TC_T	FFPE
11	1017528	T	A	TIER3	missense_variant	11_1017528_T_A	FFPE
19	15878886	G	C	TIER3	missense_variant	19_15878886_G_C	FFPE
14	18601385	C	T	TIER3	missense_variant	14_18601385_C_T	FFPE
X	119470067	T	C	TIER3	missense_variant	X_119470067_T_C	FFPE
X	119469995	G	A	TIER3	missense_variant	X_119469995_G_A	FFPE
X	119469962	G	A	TIER3	missense_variant	X_119469962_G_A	FFPE
X	119470021	G	A	TIER3	missense_variant	X_119470021_G_A	FFPE
15	74071041	C	T	TIER3	splice_region_variant	15_74071041_C_T	FFPE
1	12827315	C	T	TIER3	missense_variant	1_12827315_C_T	FFPE
1	13319887	G	A	TIER3	missense_variant	1_13319887_G_A	FFPE
4	39926866	TA	T	TIER3	splice_region_variant	4_39926866_TA_T	FFPE
13	24447185	A	G	TIER3	c(splice_region_variant, missense_variant)	13_24447185_A_G	BOTH
13	24447125	T	C	TIER3	missense_variant	13_24447125_T_C	BOTH
2	152148302	TA	T	TIER3	splice_region_variant	2_152148302_TA_T	FFPE
11	71796106	T	G	TIER3	missense_variant	11_71796106_T_G	FFPE
11	71796111	C	T	TIER3	missense_variant	11_71796111_C_T	FFPE
4	138232384	TA	T	TIER3	splice_region_variant	4_138232384_TA_T	FFPE
11	74042223	CA	C	TIER3	splice_region_variant	11_74042223_CA_C	BOTH
1	6667742	TTC	T	TIER3	frameshift_variant	1_6667742_TTC_T	FFPE
X	51333231	C	G	TIER3	missense_variant	X_51333231_C_G	FFPE
4	168391651	A	G	TIER3	splice_region_variant	4_168391651_A_G	BOTH
6	31271229	G	T	TIER3	missense_variant	6_31271229_G_T	FFPE
9	122893029	TA	T	TIER3	splice_region_variant	9_122893029_TA_T	BOTH
10	49932102	G	A	TIER3	c(splice_region_variant, missense_variant)	10_49932102_G_A	BOTH
6	32758907	T	C	TIER3	missense_variant	6_32758907_T_C	BOTH
6	32758870	C	T	TIER3	missense_variant	6_32758870_C_T	FFPE
6	32758893	T	G	TIER3	missense_variant	6_32758893_T_G	FFPE
6	32758926	T	C	TIER3	missense_variant	6_32758926_T_C	FFPE
16	75640354	TA	T	TIER3	splice_region_variant	16_75640354_TA_T	FFPE
12	22625379	C	CG	TIER2	frameshift_variant	12_22625379_C_CG	FF
11	118384947	TA	T	TIER3	splice_region_variant	11_118384947_TA_T	FFPE
5	119165286	TA	T	TIER3	splice_region_variant	5_119165286_TA_T	FFPE
X	136879426	A	AT	TIER3	c(start_lost, frameshift_variant)	X_136879426_A_AT	FFPE
10	79711985	T	C	TIER2	missense_variant	10_79711985_T_C	FFPE
17	41117835	G	C	TIER3	missense_variant	17_41117835_G_C	FFPE
X	152919025	CGAG	C	TIER3	inframe_deletion	X_152919025_CGAG_C	BOTH
10	47938	G	T	TIER3	missense_variant	10_47938_G_T	BOTH
7	82066526	TA	T	TIER3	splice_region_variant	7_82066526_TA_T	BOTH
11	1017958	G	A	TIER3	missense_variant	11_1017958_G_A	FFPE
10	133625511	T	C	TIER3	missense_variant	10_133625511_T_C	FFPE
5	179124969	G	T	TIER3	splice_region_variant	5_179124969_G_T	FF
19	47367053	A	G	TIER3	missense_variant	19_47367053_A_G	FF
19	54576043	A	G	TIER3	missense_variant	19_54576043_A_G	BOTH
1	77970017	TA	T	TIER2	splice_region_variant	1_77970017_TA_T	FFPE
17	63415657	T	TG	TIER3	frameshift_variant	17_63415657_T_TG	FF
12	11031194	G	C	TIER3	missense_variant	12_11031194_G_C	FFPE
1	248273610	T	C	TIER3	missense_variant	1_248273610_T_C	FFPE
6	31355209	A	G	TIER3	missense_variant	6_31355209_A_G	FFPE
6	31355425	T	C	TIER3	missense_variant	6_31355425_T_C	FFPE
X	130204999	G	GA	TIER3	splice_region_variant	X_130204999_G_GA	FFPE
2	112389661	A	G	TIER3	missense_variant	2_112389661_A_G	FFPE
14	54478163	T	TA	TIER3	splice_region_variant	14_54478163_T_TA	FFPE
2	200913994	T	TA	TIER3	splice_region_variant	2_200913994_T_TA	FFPE
6	29944265	G	A	TIER2	missense_variant	6_29944265_G_A	FFPE
7	39339688	CCAG	C	TIER3	inframe_deletion	7_39339688_CCAG_C	BOTH
1	152410093	A	G	TIER3	missense_variant	1_152410093_A_G	FFPE
13	41065289	TA	T	TIER3	splice_region_variant	13_41065289_TA_T	FFPE
3	183775955	CGGA	C	TIER3	inframe_deletion	3_183775955_CGGA_C	FFPE
12	25245350	C	A	TIER1	missense_variant	12_25245350_C_A	BOTH
1	214383705	GCCT	G	TIER3	inframe_deletion	1_214383705_GCCT_G	BOTH
11	59656052	TA	T	TIER3	splice_region_variant	11_59656052_TA_T	FFPE
16	74418216	A	G	TIER3	missense_variant	16_74418216_A_G	FFPE
22	24183081	G	A	TIER3	missense_variant	22_24183081_G_A	FFPE
3	140959542	TA	T	TIER3	splice_region_variant	3_140959542_TA_T	FFPE
2	112370198	G	C	TIER3	missense_variant	2_112370198_G_C	FF
8	11332020	T	C	TIER3	missense_variant	8_11332020_T_C	FFPE
1	152214223	T	A	TIER3	missense_variant	1_152214223_T_A	FFPE
7	142749506	A	G	TIER3	missense_variant	7_142749506_A_G	FFPE
1	150704198	TA	T	TIER3	splice_region_variant	1_150704198_TA_T	FFPE
6	32745821	T	C	TIER3	missense_variant	6_32745821_T_C	FFPE
3	138161898	ATCG	A	TIER3	inframe_deletion	3_138161898_ATCG_A	FFPE
4	53453080	CAG	C	TIER2	frameshift_variant	4_53453080_CAG_C	BOTH
19	49154453	ACAT	A	TIER3	inframe_deletion	19_49154453_ACAT_A	FFPE
11	320606	G	T	TIER3	missense_variant	11_320606_G_T	FF
1	248474066	A	G	TIER3	missense_variant	1_248474066_A_G	FFPE
9	5738545	CT	C	TIER3	splice_region_variant	9_5738545_CT_C	FFPE
16	1256612	C	G	TIER3	missense_variant	16_1256612_C_G	FF
16	1256609	G	A	TIER3	missense_variant	16_1256609_G_A	FF
9	33798539	G	A	TIER3	missense_variant	9_33798539_G_A	FF
9	33797830	C	T	TIER3	c(splice_region_variant, missense_variant)	9_33797830_C_T	BOTH
5	6754899	AAC	A	TIER3	frameshift_variant	5_6754899_AAC_A	FFPE
7	143756617	T	A	TIER3	missense_variant	7_143756617_T_A	FFPE
9	83739748	TA	T	TIER3	splice_region_variant	9_83739748_TA_T	FFPE
8	11332026	T	C	TIER3	missense_variant	8_11332026_T_C	FFPE
8	11332082	C	T	TIER3	missense_variant	8_11332082_C_T	FFPE
20	47651092	ACAG	A	TIER3	inframe_deletion	20_47651092_ACAG_A	FFPE
11	112026304	G	GT	TIER3	splice_region_variant	11_112026304_G_GT	FFPE
6	32746281	T	G	TIER3	missense_variant	6_32746281_T_G	FFPE
19	16529769	TTGC	T	TIER3	inframe_deletion	19_16529769_TTGC_T	FFPE
9	66987590	G	A	TIER3	missense_variant	9_66987590_G_A	FFPE
15	78766036	A	G	TIER3	missense_variant	15_78766036_A_G	FFPE
15	78766033	A	G	TIER3	missense_variant	15_78766033_A_G	FFPE
13	24447063	G	A	TIER3	missense_variant	13_24447063_G_A	FFPE
13	25097291	G	T	TIER3	missense_variant	13_25097291_G_T	FFPE
6	83352145	G	GA	TIER3	splice_region_variant	6_83352145_G_GA	FFPE
16	15363819	A	G	TIER3	missense_variant	16_15363819_A_G	FFPE
1	248273700	C	T	TIER3	missense_variant	1_248273700_C_T	BOTH
7	22291243	TA	T	TIER3	splice_region_variant	7_22291243_TA_T	FFPE
21	44591443	T	C	TIER3	missense_variant	21_44591443_T_C	BOTH
1	39769776	C	T	TIER3	missense_variant	1_39769776_C_T	FFPE
7	15686172	ATGG	A	TIER3	inframe_deletion	7_15686172_ATGG_A	FFPE
X	57592664	G	A	TIER3	missense_variant	X_57592664_G_A	FFPE
2	131264373	G	A	TIER3	missense_variant	2_131264373_G_A	FFPE
3	121483586	TA	T	TIER3	splice_region_variant	3_121483586_TA_T	FFPE
11	67991845	C	T	TIER3	missense_variant	11_67991845_C_T	FFPE
10	47483918	A	C	TIER3	missense_variant	10_47483918_A_C	FFPE
11	1017822	T	G	TIER3	missense_variant	11_1017822_T_G	FFPE
10	4991824	T	C	TIER3	splice_region_variant	10_4991824_T_C	FF
2	99319802	TA	T	TIER3	splice_region_variant	2_99319802_TA_T	FFPE
14	70809056	GCCT	G	TIER3	inframe_deletion	14_70809056_GCCT_G	FFPE
1	173824025	G	GA	TIER3	splice_region_variant	1_173824025_G_GA	FFPE
12	124980723	ACTC	A	TIER3	inframe_deletion	12_124980723_ACTC_A	FFPE
19	54596404	T	G	TIER3	missense_variant	19_54596404_T_G	FF
1	114654763	TA	T	TIER3	splice_region_variant	1_114654763_TA_T	FFPE
10	79712351	T	C	TIER2	missense_variant	10_79712351_T_C	FFPE
2	131532868	G	A	TIER3	missense_variant	2_131532868_G_A	FFPE
19	51458362	GGCA	G	TIER3	inframe_deletion	19_51458362_GGCA_G	FFPE
19	54631503	A	C	TIER3	missense_variant	19_54631503_A_C	BOTH
3	52642050	A	T	TIER2	splice_region_variant	3_52642050_A_T	FFPE
6	29944253	G	C	TIER2	missense_variant	6_29944253_G_C	FFPE
6	29944251	AG	A	TIER2	frameshift_variant	6_29944251_AG_A	FFPE
19	15878920	T	C	TIER3	missense_variant	19_15878920_T_C	BOTH
9	39361469	A	G	TIER3	missense_variant	9_39361469_A_G	FFPE
4	73144838	TA	T	TIER3	splice_region_variant	4_73144838_TA_T	FFPE
7	142749531	A	T	TIER3	splice_region_variant	7_142749531_A_T	FFPE
16	29813694	GC	G	TIER3	frameshift_variant	16_29813694_GC_G	FFPE
X	156006081	A	G	TIER3	splice_acceptor_variant	X_156006081_A_G	FFPE
3	179234297	A	G	TIER1	missense_variant	3_179234297_A_G	BOTH
22	40301172	TGCA	T	TIER3	inframe_deletion	22_40301172_TGCA_T	FFPE
19	54574088	G	A	TIER3	missense_variant	19_54574088_G_A	FFPE
X	115191469	G	C	TIER3	missense_variant	X_115191469_G_C	FFPE
7	45084307	T	G	TIER3	missense_variant	7_45084307_T_G	FFPE
1	225847138	TCTG	T	TIER3	inframe_deletion	1_225847138_TCTG_T	FFPE
2	131532669	G	C	TIER3	missense_variant	2_131532669_G_C	FFPE
12	7368967	TGA	T	TIER3	splice_region_variant	12_7368967_TGA_T	FFPE
7	72616824	T	C	TIER3	missense_variant	7_72616824_T_C	FFPE
1	152351436	A	C	TIER3	missense_variant	1_152351436_A_C	FF
6	36484826	TA	T	TIER3	splice_region_variant	6_36484826_TA_T	FFPE
18	36031099	TA	T	TIER3	splice_region_variant	18_36031099_TA_T	BOTH
12	11061426	A	T	TIER3	missense_variant	12_11061426_A_T	FF
10	24984382	G	GA	TIER3	splice_region_variant	10_24984382_G_GA	FFPE
1	6469122	TTCC	T	TIER3	inframe_deletion	1_6469122_TTCC_T	FFPE
12	96311180	T	TA	TIER3	splice_region_variant	12_96311180_T_TA	FFPE
14	35123493	AT	A	TIER3	frameshift_variant	14_35123493_AT_A	FFPE
16	5033676	GGC	G	TIER3	frameshift_variant	16_5033676_GGC_G	FFPE
9	122724407	T	C	TIER3	missense_variant	9_122724407_T_C	BOTH
3	151430325	CCAG	C	TIER3	inframe_deletion	3_151430325_CCAG_C	FFPE
5	141123569	A	G	TIER3	missense_variant	5_141123569_A_G	FFPE
11	1018314	G	A	TIER3	missense_variant	11_1018314_G_A	FFPE
7	83155083	A	G	TIER3	missense_variant	7_83155083_A_G	FFPE
10	79611881	T	C	TIER3	missense_variant	10_79611881_T_C	FFPE
19	11447525	AGAG	A	TIER3	inframe_deletion	19_11447525_AGAG_A	FFPE
14	77484516	C	G	TIER3	missense_variant	14_77484516_C_G	FF
2	31869954	TA	T	TIER3	splice_region_variant	2_31869954_TA_T	FFPE
16	77341806	TA	T	TIER3	splice_region_variant	16_77341806_TA_T	FF
15	83139279	TA	T	TIER3	splice_region_variant	15_83139279_TA_T	FFPE
2	113742699	CA	C	TIER3	frameshift_variant	2_113742699_CA_C	FFPE
19	54632223	A	G	TIER3	missense_variant	19_54632223_A_G	BOTH
19	54632235	T	C	TIER3	c(splice_region_variant, missense_variant)	19_54632235_T_C	BOTH
12	21304580	TA	T	TIER3	splice_region_variant	12_21304580_TA_T	FFPE
9	68304048	G	A	TIER3	missense_variant	9_68304048_G_A	FF
11	105008959	CT	C	TIER3	frameshift_variant	11_105008959_CT_C	FFPE
1	12795695	G	A	TIER3	missense_variant	1_12795695_G_A	FFPE
2	232378818	ATGC	A	TIER3	inframe_deletion	2_232378818_ATGC_A	FFPE
3	146461958	TA	T	TIER3	splice_region_variant	3_146461958_TA_T	FFPE
9	33796804	TAAGTG	T	TIER3	splice_region_variant	9_33796804_TAAGTG_T	FFPE
17	17793779	CCAG	C	TIER3	inframe_deletion	17_17793779_CCAG_C	FFPE
6	170561949	GCAA	G	TIER3	inframe_deletion	6_170561949_GCAA_G	FFPE
22	24183189	G	T	TIER3	missense_variant	22_24183189_G_T	FFPE
1	43606274	AGCG	A	TIER3	inframe_deletion	1_43606274_AGCG_A	FFPE
11	18245931	G	A	TIER3	missense_variant	11_18245931_G_A	FFPE
11	18245916	A	G	TIER3	missense_variant	11_18245916_A_G	FFPE
11	18246053	A	C	TIER3	splice_region_variant	11_18246053_A_C	FFPE
15	56654505	TA	T	TIER3	splice_region_variant	15_56654505_TA_T	FFPE
14	74067571	TA	T	TIER3	splice_region_variant	14_74067571_TA_T	FFPE
4	4226683	A	G	TIER3	missense_variant	4_4226683_A_G	FFPE
10	79711875	T	C	TIER2	missense_variant	10_79711875_T_C	FFPE
10	47523418	C	T	TIER3	missense_variant	10_47523418_C_T	FFPE
16	66821565	TA	T	TIER3	splice_region_variant	16_66821565_TA_T	FFPE
7	152273846	G	A	TIER2	missense_variant	7_152273846_G_A	FFPE
11	76795628	CCTG	C	TIER3	inframe_deletion	11_76795628_CCTG_C	FFPE
19	54633259	A	T	TIER3	missense_variant	19_54633259_A_T	FFPE
19	54633260	G	C	TIER3	missense_variant	19_54633260_G_C	FFPE
19	54633322	G	A	TIER3	splice_region_variant	19_54633322_G_A	FFPE
11	60093565	AT	A	TIER3	splice_region_variant	11_60093565_AT_A	FFPE
1	13371223	A	G	TIER3	missense_variant	1_13371223_A_G	FFPE
17	79834441	CGTG	C	TIER3	inframe_deletion	17_79834441_CGTG_C	FFPE
19	41090053	C	T	TIER3	missense_variant	19_41090053_C_T	FFPE
19	54594851	C	T	TIER3	missense_variant	19_54594851_C_T	FFPE
1	26773690	CGCA	C	TIER2	inframe_deletion	1_26773690_CGCA_C	FFPE
2	240692042	T	C	TIER3	splice_region_variant	2_240692042_T_C	FFPE
1	13369246	T	C	TIER3	missense_variant	1_13369246_T_C	FFPE
6	32589726	A	G	TIER3	missense_variant	6_32589726_A_G	FFPE
22	24183251	G	A	TIER3	missense_variant	22_24183251_G_A	FFPE
17	41117898	T	A	TIER3	missense_variant	17_41117898_T_A	FFPE
1	247949252	T	C	TIER3	missense_variant	1_247949252_T_C	FFPE
10	29490918	A	C	TIER3	missense_variant	10_29490918_A_C	FFPE
1	13778626	T	TGAA	TIER3	inframe_insertion	1_13778626_T_TGAA	BOTH
1	1734736	C	T	TIER3	missense_variant	1_1734736_C_T	FFPE
1	13371202	T	A	TIER3	missense_variant	1_13371202_T_A	FFPE
5	141096390	G	A	TIER3	missense_variant	5_141096390_G_A	FFPE
5	141123440	C	T	TIER3	missense_variant	5_141123440_C_T	FFPE
15	74071037	A	T	TIER3	c(splice_region_variant, missense_variant)	15_74071037_A_T	FFPE
10	72088621	TA	T	TIER3	splice_region_variant	10_72088621_TA_T	FFPE
1	13260332	A	C	TIER3	missense_variant	1_13260332_A_C	FFPE
16	15363787	C	G	TIER3	missense_variant	16_15363787_C_G	FFPE
2	195897767	T	TA	TIER3	splice_region_variant	2_195897767_T_TA	FFPE
11	1017519	A	G	TIER3	missense_variant	11_1017519_A_G	BOTH
16	70829613	T	C	TIER3	splice_region_variant	16_70829613_T_C	FFPE
1	248273280	T	C	TIER3	missense_variant	1_248273280_T_C	FFPE
1	152215469	C	T	TIER3	missense_variant	1_152215469_C_T	FFPE
4	25159110	T	TA	TIER3	splice_region_variant	4_25159110_T_TA	FFPE
19	54217434	G	T	TIER3	missense_variant	19_54217434_G_T	FFPE
19	54217435	G	C	TIER3	missense_variant	19_54217435_G_C	FFPE
1	16030622	A	G	TIER3	missense_variant	1_16030622_A_G	FFPE
12	31085044	C	T	TIER3	missense_variant	12_31085044_C_T	FFPE
7	111834693	TA	T	TIER3	splice_region_variant	7_111834693_TA_T	FFPE
12	11092004	T	A	TIER3	missense_variant	12_11092004_T_A	FFPE
7	64544439	AAC	A	TIER3	splice_region_variant	7_64544439_AAC_A	FFPE
1	13369516	T	C	TIER3	missense_variant	1_13369516_T_C	FFPE
9	136383542	CGCT	C	TIER3	inframe_deletion	9_136383542_CGCT_C	FFPE
1	16948842	C	T	TIER3	missense_variant	1_16948842_C_T	FFPE
17	41140119	C	G	TIER3	missense_variant	17_41140119_C_G	FFPE
8	30709906	TA	T	TIER3	splice_region_variant	8_30709906_TA_T	FFPE
19	54594797	C	T	TIER3	missense_variant	19_54594797_C_T	FFPE
19	54594823	A	C	TIER3	missense_variant	19_54594823_A_C	FFPE
1	152910476	G	C	TIER3	missense_variant	1_152910476_G_C	FFPE
6	31356377	G	A	TIER3	missense_variant	6_31356377_G_A	FFPE
6	31356197	C	T	TIER3	missense_variant	6_31356197_C_T	FFPE
2	131480070	C	T	TIER3	c(splice_region_variant, missense_variant)	2_131480070_C_T	FFPE
2	131480354	C	A	TIER3	missense_variant	2_131480354_C_A	FFPE
10	45752608	G	A	TIER3	missense_variant	10_45752608_G_A	FFPE
17	64896801	C	A	TIER3	missense_variant	17_64896801_C_A	FFPE
1	46930202	A	C	TIER3	missense_variant	1_46930202_A_C	FFPE
19	54220588	G	A	TIER3	missense_variant	19_54220588_G_A	FFPE
19	54220587	C	T	TIER3	missense_variant	19_54220587_C_T	FFPE
X	18564526	G	GAT	TIER3	splice_region_variant	X_18564526_G_GAT	FFPE
12	25245347	C	T	TIER1	missense_variant	12_25245347_C_T	BOTH
6	167373262	C	A	TIER3	missense_variant	6_167373262_C_A	FFPE
1	12795938	C	T	TIER3	missense_variant	1_12795938_C_T	FFPE
1	111762784	TA	T	TIER3	splice_region_variant	1_111762784_TA_T	FFPE
6	31355560	T	C	TIER3	missense_variant	6_31355560_T_C	FFPE
10	48078	T	C	TIER3	missense_variant	10_48078_T_C	FFPE
19	55613799	G	GC	TIER3	frameshift_variant	19_55613799_G_GC	FFPE
19	54633269	A	C	TIER3	missense_variant	19_54633269_A_C	FFPE
11	67991823	G	A	TIER3	missense_variant	11_67991823_G_A	FFPE
3	195784423	G	T	TIER3	missense_variant	3_195784423_G_T	FFPE
19	7745535	T	C	TIER3	missense_variant	19_7745535_T_C	FFPE
7	72942166	C	T	TIER3	missense_variant	7_72942166_C_T	FFPE
2	96026020	A	G	TIER3	splice_region_variant	2_96026020_A_G	FFPE
2	37049850	TA	T	TIER3	splice_region_variant	2_37049850_TA_T	FFPE
19	54594770	G	A	TIER3	missense_variant	19_54594770_G_A	FFPE
1	248273507	G	A	TIER3	missense_variant	1_248273507_G_A	FFPE
1	152215459	C	T	TIER3	missense_variant	1_152215459_C_T	FFPE
19	1881419	C	T	TIER3	missense_variant	19_1881419_C_T	FFPE
11	49186715	G	A	TIER3	missense_variant	11_49186715_G_A	FFPE
12	8175287	C	T	TIER3	missense_variant	12_8175287_C_T	FFPE
15	78765997	A	C	TIER3	missense_variant	15_78765997_A_C	FFPE
1	152215736	C	T	TIER3	missense_variant	1_152215736_C_T	FFPE
1	152215642	C	T	TIER3	missense_variant	1_152215642_C_T	FFPE
8	26748750	TA	T	TIER3	splice_region_variant	8_26748750_TA_T	FFPE
12	31085125	A	G	TIER3	c(splice_region_variant, missense_variant)	12_31085125_A_G	FFPE
7	105482444	TA	T	TIER3	splice_region_variant	7_105482444_TA_T	FFPE
16	20465673	G	A	TIER3	missense_variant	16_20465673_G_A	FFPE
5	179125017	G	T	TIER3	missense_variant	5_179125017_G_T	FFPE
1	152351044	T	C	TIER3	missense_variant	1_152351044_T_C	FF
8	28351708	GGCA	G	TIER3	inframe_deletion	8_28351708_GGCA_G	FFPE
11	1621759	C	A	TIER3	missense_variant	11_1621759_C_A	FFPE
9	128258516	GCCT	G	TIER3	inframe_deletion	9_128258516_GCCT_G	FFPE
1	152312073	G	C	TIER3	missense_variant	1_152312073_G_C	FFPE
1	152312100	C	A	TIER3	missense_variant	1_152312100_C_A	FFPE
6	31356374	C	T	TIER3	missense_variant	6_31356374_C_T	FFPE
3	49686764	T	C	TIER3	missense_variant	3_49686764_T_C	FFPE
3	49686750	C	G	TIER3	missense_variant	3_49686750_C_G	FFPE
11	66643892	AGCTGCTGCTGCAGCAGCAGCC	A	TIER3	inframe_deletion	11_66643892_AGCTGCTGCTGCAGCAGCAGCC_A	FFPE
1	248273670	A	G	TIER3	missense_variant	1_248273670_A_G	FFPE
7	101002450	G	A	TIER3	missense_variant	7_101002450_G_A	FFPE
1	247921523	C	T	TIER3	missense_variant	1_247921523_C_T	FFPE
X	53984971	TCTC	T	TIER3	inframe_deletion	X_53984971_TCTC_T	FFPE
5	837441	T	G	TIER3	missense_variant	5_837441_T_G	BOTH
10	45847122	C	T	TIER3	splice_region_variant	10_45847122_C_T	FFPE
6	32530151	G	C	TIER3	missense_variant	6_32530151_G_C	FFPE
6	32530141	C	G	TIER3	missense_variant	6_32530141_C_G	FFPE
6	32530119	A	T	TIER3	splice_region_variant	6_32530119_A_T	FFPE
10	50009604	C	G	TIER3	missense_variant	10_50009604_C_G	FFPE
15	78765965	A	T	TIER3	missense_variant	15_78765965_A_T	FFPE
12	11030942	T	C	TIER3	missense_variant	12_11030942_T_C	FFPE
6	31355485	G	A	TIER3	missense_variant	6_31355485_G_A	FFPE
10	30629668	T	C	TIER3	missense_variant	10_30629668_T_C	FFPE
1	234465710	TA	T	TIER3	splice_region_variant	1_234465710_TA_T	FFPE
11	67991709	T	G	TIER3	missense_variant	11_67991709_T_G	FFPE
7	101038666	A	T	TIER3	missense_variant	7_101038666_A_T	FFPE
7	27095694	GCGA	G	TIER3	inframe_deletion	7_27095694_GCGA_G	FFPE
4	4226662	A	T	TIER3	missense_variant	4_4226662_A_T	FFPE
9	39088492	T	A	TIER3	missense_variant	9_39088492_T_A	FFPE
7	152238825	C	T	TIER2	c(splice_region_variant, missense_variant)	7_152238825_C_T	FFPE
19	4511211	C	T	TIER3	missense_variant	19_4511211_C_T	FFPE
15	78765748	A	G	TIER3	missense_variant	15_78765748_A_G	FFPE
8	116856292	TA	T	TIER2	splice_region_variant	8_116856292_TA_T	FFPE
8	11331297	G	C	TIER3	missense_variant	8_11331297_G_C	FFPE
8	11331633	G	A	TIER3	missense_variant	8_11331633_G_A	FFPE
6	32746387	T	C	TIER3	missense_variant	6_32746387_T_C	FFPE
15	78620725	ACAG	A	TIER3	inframe_deletion	15_78620725_ACAG_A	FFPE
1	152410223	C	T	TIER3	missense_variant	1_152410223_C_T	FFPE
6	161098318	CCTGCTG	C	TIER3	inframe_deletion	6_161098318_CCTGCTG_C	FFPE
1	248273154	C	A	TIER3	missense_variant	1_248273154_C_A	FFPE
19	54594453	G	A	TIER3	missense_variant	19_54594453_G_A	FFPE
18	42923770	GA	G	TIER3	splice_region_variant	18_42923770_GA_G	FFPE
19	54855667	A	G	TIER3	missense_variant	19_54855667_A_G	FFPE
19	54855669	G	A	TIER3	missense_variant	19_54855669_G_A	FFPE
19	54855668	G	C	TIER3	missense_variant	19_54855668_G_C	FFPE
12	15623289	TA	T	TIER3	splice_region_variant	12_15623289_TA_T	FFPE
21	44574137	C	T	TIER3	missense_variant	21_44574137_C_T	FFPE
9	33796705	C	G	TIER3	missense_variant	9_33796705_C_G	FFPE
9	33796768	C	A	TIER3	missense_variant	9_33796768_C_A	FFPE
9	33797893	A	T	TIER3	missense_variant	9_33797893_A_T	FFPE
7	142750600	A	C	TIER3	missense_variant	7_142750600_A_C	FFPE
7	142750648	A	C	TIER3	missense_variant	7_142750648_A_C	FFPE
X	156006076	T	C	TIER3	splice_region_variant	X_156006076_T_C	FFPE
8	142875713	G	T	TIER3	splice_region_variant	8_142875713_G_T	FFPE
4	145155480	TA	T	TIER3	splice_region_variant	4_145155480_TA_T	FFPE
9	33797831	G	A	TIER3	c(splice_region_variant, missense_variant)	9_33797831_G_A	BOTH
14	18601712	G	T	TIER3	missense_variant	14_18601712_G_T	FFPE
19	54595789	C	G	TIER3	missense_variant	19_54595789_C_G	FFPE
15	81299820	GCCT	G	TIER3	inframe_deletion	15_81299820_GCCT_G	FFPE
16	1961643	G	GC	TIER3	splice_region_variant	16_1961643_G_GC	FFPE
16	1256801	A	G	TIER3	missense_variant	16_1256801_A_G	FFPE
2	97580547	G	A	TIER3	missense_variant	2_97580547_G_A	FF
2	232381539	A	G	TIER3	missense_variant	2_232381539_A_G	FFPE
9	39078753	C	T	TIER3	missense_variant	9_39078753_C_T	BOTH
5	141123572	C	A	TIER3	missense_variant	5_141123572_C_A	FFPE
6	131708725	G	A	TIER3	missense_variant	6_131708725_G_A	FF
15	34527993	C	T	TIER3	missense_variant	15_34527993_C_T	FFPE
1	27730305	T	G	TIER3	missense_variant	1_27730305_T_G	FFPE
15	75689744	C	T	TIER3	missense_variant	15_75689744_C_T	FFPE
7	75147946	C	T	TIER3	missense_variant	7_75147946_C_T	FFPE
6	136278255	G	C	TIER3	missense_variant	6_136278255_G_C	FFPE
15	78765841	T	TTGGGTCC	TIER3	frameshift_variant	15_78765841_T_TTGGGTCC	FFPE
3	182869310	T	G	TIER3	missense_variant	3_182869310_T_G	FFPE
19	54574902	G	C	TIER3	missense_variant	19_54574902_G_C	FFPE
19	54574907	T	C	TIER3	missense_variant	19_54574907_T_C	FFPE
19	54574903	G	A	TIER3	stop_gained	19_54574903_G_A	FFPE
9	33797863	A	G	TIER3	missense_variant	9_33797863_A_G	BOTH
11	694949	TGCCGCGGCCGCGGCCGCCGCCGCCACAGCG	T	TIER3	inframe_deletion	11_694949_TGCCGCGGCCGCGGCCGCCGCCGCCACAGCG_T	FFPE
8	132041703	T	G	TIER3	splice_region_variant	8_132041703_T_G	FFPE
18	35692327	AAT	A	TIER3	splice_region_variant	18_35692327_AAT_A	FFPE
15	82344839	C	T	TIER3	missense_variant	15_82344839_C_T	FFPE
2	131264056	G	T	TIER3	missense_variant	2_131264056_G_T	FFPE
19	54574422	C	G	TIER3	missense_variant	19_54574422_C_G	FFPE
18	62715753	CCGGCGGCCGCCGCTGCGGCAGCAGCAGCAGCAGCGGCGGCCG	C	TIER3	inframe_deletion	18_62715753_CCGGCGGCCGCCGCTGCGGCAGCAGCAGCAGCAGCGGCGGCCG_C	FFPE
17	41118112	T	G	TIER3	missense_variant	17_41118112_T_G	FFPE
